tic,prot
410214986,2.85
168847194,0.773766686
270577175,1000
354671857,0.34375
140072112,0.265
245904110,1000
60879864,0.193119432
259862349,1000
245860427,1000
271503441,1000
142268253,1000
33982930,1000
245911976,1000
245794190,1000
280793949,0.250596793
146423464,0.335979436
298810162,1.839911675
408130113,0.458980273
33492996,1000
469974193,1000
9150015,1.513967749
415556221,1000
431380163,1000
345582306,1000
373415565,1000
245799490,1000
245819988,1000
52593512,1000
175400332,1000
450072850,1000
138854185,1000
396899912,1.310785567
382509773,1000
245820995,1000
245790062,0.443306511
152972531,0.799712075
355406799,1000
406345664,1000
245905821,1000
94945758,1.0070247
229012143,0.452499745
436661956,1000
31747041,1000
150322340,1000
311148485,0.865882964
452767166,1.150500518
33494267,0.440450626
149248196,0.513955281
88478795,1000
231061242,0.436885568
287842651,1000
401944429,1.31583103
31475829,1000
268119987,1000
245858382,1.047125353
245895478,0.44600562
450098574,1000
389121767,0.462916667
144596888,1000
215256883,1000
381003375,1000
365692096,1000
231626393,1000
375034557,1.688449848
435925799,1000
373052731,1000
283751025,1.904843549
340459410,1000
450077414,1000
406498177,1000
231005004,0.497499813
156427870,0.525005907
238196350,0.843797468
441420236,1000
238815210,0.957208501
436656073,1000
235037790,1000
445925825,1000
408012676,1.381411253
32500778,0.820834873
270377865,1000
369614946,1.873524452
245786953,1000
167699908,0.769124264
408042385,1000
29900813,1000
245902283,1000
176832633,1000
425934574,1000
373027194,1000
435939639,1000
49906916,1.029259631
20072435,0.946606078
139898417,1000
120462356,1000
231064749,1.710985626
290716988,1000
436651598,1000
160009706,1000
387609654,1000
373420313,1000
396860027,1000
436643589,1000
445925813,1000
173532792,1000
245826993,1000
150143137,0.51994852
270259954,1000
245863570,1000
250593544,1.363050813
464781371,1.985997319
318841562,1.180972628
282402573,1.479032616
245911057,1000
436658862,1000
441398770,0.781431335
340637365,1000
267537284,1.569578526
266746662,1000
434229836,1000
590274,0.88531775
21504987,1000
436590739,1000
10802452,1000
420980965,1000
245860592,1000
167756732,1000
321100028,1000
46386531,1000
23220549,1000
242990423,1000
434230605,1000
7445001,1.368507493
112603301,1.634624816
178969585,1000
319289907,1.239494236
206592394,1000
24451239,1000
149347480,1.883849089
245835422,1000
79403675,1000
220571983,1000
219998026,1000
270479402,1000
93122097,1.396459621
327667965,0.434847842
93372641,1000
150249155,1.081352908
266997586,1000
139285666,1000
471012663,0.688565231
220594926,1000
235058181,1000
350563576,1000
432613826,1000
53417036,1.527497709
448809197,1000
159898381,0.760568201
146522418,1000
78012819,1000
78012819,1000
245789646,1000
303760478,1000
260351540,1000
158595208,1000
261236136,1.880394922
389423271,0.380338345
425162657,1000
425940082,0.377121521
435930763,1000
452763353,1000
220473309,1000
284857969,1000
284857969,1000
158535216,1.966951903
158067487,1000
178938417,1000
375058105,1000
372995004,1000
176873028,1000
43728182,1000
270377903,1000
93126844,1.691234302
336587521,1000
141914082,1000
7586485,1.760929864
79403459,0.217672414
7444999,1.368507493
245873351,1000
220433363,0.427773856
245787510,1000
66534229,1000
401913214,1000
434101713,1000
9210746,1000
13955147,1000
224278523,1.788569895
166852312,0.519158879
245863402,1000
450060052,1000
345480097,1000
354571604,1000
332660498,1000
435910116,1000
247439806,1000
436640815,1000
44670258,1000
245937103,1000
399617812,1000
373420734,1000
325178532,1000
318785502,1000
234299476,1000
287405060,1000
60908053,1000
142178693,1000
242944633,1000
70596114,1000
278024057,1000
201426753,1.713844967
394210384,1000
161476008,1000
123975662,1000
348839788,0.272287237
348839788,0.272287237
44670257,1000
333680372,1000
119289797,1000
245787593,1000
159923666,1000
170867166,1000
198051539,1000
381458976,1000
436648713,1000
434233518,1000
308183430,1000
33593656,1000
79566479,1000
365424405,1000
140460192,1000
389167885,1000
404768019,0.722523304
435930498,1000
273789976,1000
409858786,1000
149935360,1000
55745232,1000
231867117,1.757911392
397046970,1000
245833065,1.483311081
161356637,1000
122723011,1.959435626
176852917,1000
201919099,1000
37606355,1000
246897668,1.370336109
259645014,1000
139412540,1000
150359500,1.033408263
231907973,1000
245829484,1000
303527975,1000
389042741,1000
156084049,1000
326205407,1000
35863853,1000
166808151,0.739721467
166852313,0.519158879
231914259,1.433548387
406277015,1000
259573397,1000
24720349,1.092876465
170766490,1000
269115609,1000
434234748,1000
293507177,0.569621876
394137224,1000
265206385,0.595417802
269940990,0.98858075
179040880,1000
235056185,1000
117874959,1000
71274771,1000
93088834,1000
21627442,1000
77959676,1.696830851
7242537,1.117893678
33937224,1000
29900215,1.060114504
325525541,1000
60879587,1000
234290432,1000
373431012,0.498952096
399921170,1000
251845153,1000
389726031,1000
464779505,1.460081043
219147916,1000
302965929,1000
65483825,1000
101963752,0.373958655
403237836,0.426883545
441507746,1000
449144868,1000
422692632,1000
422692632,1000
251845156,1000
382552502,1.153087701
29853348,0.703201646
78109730,1.849868184
89257479,1.125253207
153713422,1000
422692635,1000
422692635,1000
112603237,0.698412698
140478471,0.776696767
294754396,1000
234299628,1000
117748478,0.61029984
143209291,0.368450144
445926678,1000
366499976,1000
234506911,1000
176842025,0.682607137
201753428,1.598944591
229807000,0.374504902
20144774,1000
355766445,1000
98853135,1000
179034959,1000
201938513,1000
24587624,1000
165941376,1000
311127588,1000
78055893,1000
78055893,1000
78055893,1000
78055893,1000
220622233,1000
183820069,1000
142052876,0.560592044
122671519,0.450511945
170634461,1000
170634461,1000
71446322,1000
52914409,1000
20144775,1000
422653412,1.997602637
381949410,1000
401945770,0.687181073
161476011,1000
121007796,1000
231020638,1.639852399
273416539,1.647756767
17776275,1000
309550843,1000
307440881,1000
152872186,0.653465347
290496318,0.985730129
259845346,1.985997319
340703767,1000
153713427,1000
142369351,1000
396731889,1.560028083
201795667,1.281307064
49593799,1000
13135619,1000
345454031,1000
40047077,0.887616511
425933644,0.48617898
33864387,1000
290076869,1000
281670243,1.782352941
142015852,1000
308542808,1000
427540754,1000
272550631,1000
12509218,0.836911488
237885807,0.457342801
156002545,0.352857105
201897406,1000
201897406,1000
461720465,1000
117874958,1000
220556639,0.594727216
77835048,0.659347181
77835048,0.659347181
77835048,0.659347181
77835048,0.659347181
160008866,0.341006753
281631603,1000
293613670,1000
259542669,1000
25192164,1000
219229275,1000
197963243,1000
24293836,1000
404484288,0.44426672
269829656,0.737063246
148101333,1000
452357628,1000
206544316,0.32195122
220391763,0.587571617
46739994,0.436885568
46739994,0.436885568
46739994,0.436885568
46739994,0.436885568
68070930,1000
24448282,1000
173177973,1000
274017928,1000
115347396,1000
53062654,0.550954624
200368439,1000
13324350,0.756082346
389727431,1000
422947065,1000
434131573,1000
278731274,0.49846706
410421717,0.984783572
325220989,1.596455514
387609278,1000
234284556,1.107033131
366323063,0.589937608
161576005,0.972641716
31780319,1.322619048
201898220,0.567729847
201898220,0.567729847
308542258,1.407962826
100510452,1000
232064182,0.720999405
232064182,0.720999405
44793998,1000
44793998,1000
44793998,1000
44793998,1000
220523369,1.289361702
13020091,1.37955298
14230584,1000
120459265,1000
408256539,1.150500518
25118964,1.01802077
139984208,1.051419558
175298549,1.194730711
234506344,1.006036825
53688674,1000
101103091,1000
231910539,0.550363276
261560580,0.830809497
141212720,1.518451025
230982053,0.710017575
340638718,0.900871681
234333175,0.515764633
67630561,0.633680308
150068381,0.534027639
178155030,0.486409573
152970890,1000
278825715,1000
345449475,1.567179969
345449475,1.567179969
238813187,0.175534226
130515176,1000
229147922,1.025144175
232067276,1000
219993473,0.697937389
59085023,1.319216307
175397236,1000
149838027,0.537104182
116157661,0.858633348
158596311,0.154625903
373453516,1000
283824622,1000
166934491,1000
22766740,0.332925459
220617943,0.291977837
365694949,0.699365263
24401034,0.974490169
65516102,1000
165184400,0.663184599
219396049,1000
77951245,1000
308305105,0.542215715
77339881,1.611507313
206478549,0.42546673
166787846,0.461043677
69814849,1.820316767
46530889,1000
308245136,1.614043584
152505948,0.779056857
66534227,1000
192825710,1000
23126920,0.70708035
454159913,1000
207238086,0.460629513
232083054,0.626327163
289730802,0.675859272
373308741,1000
373308741,1000
373308741,1000
373308741,1000
44678751,1.201730665
257567390,0.61839603
55651278,1000
229807051,1.0210615
373029223,1000
37817522,1000
14230586,1000
148270291,1000
117896343,1000
41862041,0.737063246
339770560,1.097554952
238331927,1000
2761472,0.959896321
170698265,0.332817415
316854083,0.683061789
59547137,0.391818022
308305734,0.457955482
393749316,1.639852399
464779449,1.053579896
31281820,1.066730677
31281820,1.066730677
454156889,1.352266964
39217420,0.333901022
21622364,1000
148934990,1000
66410455,1000
123642034,0.672755715
410213494,0.444074345
231632372,0.560285774
53171674,0.279790136
201898222,0.567729847
201898222,0.567729847
172405494,1000
234208106,1000
232075203,1000
52284854,0.25700241
144126053,1000
144126053,1000
173957127,0.526894044
173957127,0.526894044
7785194,1.364864865
111289424,1000
53726408,0.362973047
206403004,1.282909931
281765032,1000
220405105,1000
269408970,1.856565938
200790342,0.706593174
200790342,0.706593174
200790342,0.706593174
200790342,0.706593174
453095065,0.313104744
93242288,0.820178407
77350951,0.41954873
277771912,1000
219258986,1.557658605
178969584,1000
201861769,0.865152498
237910557,1000
144653213,0.20040285
260127241,0.254262501
33881250,1.140266849
177313167,0.299481097
121637793,1000
317024482,1000
317024482,1000
317024482,1000
317024482,1000
590241,0.876240552
130513139,0.172725624
7422813,1000
340485620,1000
373432787,0.866614665
232048700,1.390778218
232073492,0.597499216
224276435,0.881512827
261335869,0.550363276
207138379,0.492956184
32545814,0.6456487
265015987,1.38701623
1518580,1000
393490554,0.422139193
44743153,0.412295893
391745863,0.825459724
436656194,1000
212380843,1000
170673573,0.666633332
231315283,0.347241757
281461138,0.651390043
307921974,0.411468782
339607562,0.444459261
77954301,1000
178349868,1.383274538
165162811,0.686720923
270623499,0.366606171
7807668,1.89428815
179315999,0.614321261
260241701,1000
141423634,0.949234603
237883772,0.425643318
349055504,1.115461847
142052608,1000
281779297,0.197470154
219257563,1000
36881728,1000
170671853,0.732326284
126945045,0.409988314
9966473,1000
146420492,0.338530293
234497476,1.040749415
121049033,0.555430571
317016534,0.667066947
459936640,1000
350215424,0.523131254
220571696,1000
151928308,1000
100100909,1000
200340257,1.149211275
161497069,1000
176980970,0.61139136
238831201,0.733373673
124934505,1000
77670461,0.27827176
117817258,0.240545612
14087575,1.240994136
149542119,1000
144486786,0.284131111
144486786,0.284131111
260972843,0.284604218
220558700,0.966226989
178857861,0.489894907
144126052,1.3776997
144126052,1.3776997
450098715,1000
48955150,1000
231973593,1000
47596872,0.208130386
4291393,1000
237880881,0.351647192
259408109,1000
13912397,0.412295893
306927574,1.425577417
140269470,0.782027217
155895287,0.709035792
394355443,0.714469453
52194976,0.621017328
77111651,1.629430457
158069378,1000
14085128,0.313104744
277016043,1000
234495456,0.380620664
201226029,1000
77255662,1000
201467153,0.25999961
238876720,0.634857143
95251342,1000
144486791,0.79291067
144486791,0.79291067
21649667,0.145314237
178953608,1000
22970720,0.461874242
209463384,0.256103886
141306513,0.556938758
30959945,1000
77954300,1000
91594282,1000
160004720,1000
38820496,0.32739864
237918270,0.317564671
237918270,0.317564671
147948928,1000
46531745,0.825459724
11614280,1000
220522527,0.964409722
77434074,1000
237934055,1000
147250411,0.589598443
343934811,0.525005907
388128331,0.855053874
92881468,1000
231294802,0.204560101
114436019,1000
50232454,1000
146307240,0.391818022
259586708,0.46970124
93443364,0.142033772
32068898,0.680342927
7652962,0.395749228
7150628,1000
234338669,0.459391475
176379866,0.408355795
77022104,1000
178241984,0.872513089
307783859,1000
455032060,0.961696602
1223040,0.847983717
350712873,0.122111395
30760081,1000
188573364,1000
231907750,0.758879781
220596971,1000
166968742,0.459597352
349195685,0.240884617
436573134,0.473824502
245860602,1000
142274336,0.683517047
220425740,0.56120559
279617110,1000
420980626,0.785621685
231286568,1000
306337790,1000
278899969,1000
100105078,1000
100105078,1000
100105078,1000
100105078,1000
201789285,0.151563726
237883499,0.294747082
155263404,1000
264416231,1000
249037711,1.098730839
234334620,0.129219854
231020924,0.705620832
175493040,0.415975039
299007548,1000
207171929,1000
232025650,1000
237918271,1000
237918271,1000
238642175,0.842411222
238236508,0.515246377
31281821,1.066730677
31281821,1.066730677
144667802,0.788036411
92878902,0.19532635
341935294,1000
229142539,0.834188462
292181908,1000
123195366,1000
311403358,1000
95251362,1000
167815117,0.467986521
101017638,1000
219219101,1000
399617462,0.453700868
269408869,1000
39578209,1000
235226703,1000
175534222,1000
42992313,1000
206623351,0.249196262
52256020,0.265657069
247439284,1.194730711
167119957,0.159235593
463278438,0.476687643
,
464060149,1000
,
469171560,1000
,
43533777,0.45
102052882,1000
103107644,1000
105649804,1000
105710145,0.420064276
106084656,1000
11311177,1000
122093026,1000
140295287,1.908388205
140305443,1000
140441949,0.383754066
140510862,1000
140789790,0.9448618
140891597,0.235572676
141975926,1.155686546
144993360,0.65263364
145923579,1000
146139955,1000
148563078,1000
149351776,1000
150062527,1000
151764983,1000
158668763,1000
167123841,0.270491803
167439141,1000
167551757,1.919101771
167808464,1000
168205635,1.162235202
168404015,1000
177115978,1000
179294885,0.56120559
18143643,1000
181673000,1000
188043641,1000
188173172,0.322660277
193136669,1.569578526
20319492,0.13848551
20414865,0.355302081
20446899,1000
220433364,0.427773856
220440079,0.172319305
23325655,1000
237969900,1000
25208210,1000
259648079,1000
259999047,1000
260268898,1000
268183938,1000
271639931,0.377955435
272349442,0.732326284
276947628,1000
278991483,1000
279516277,1000
287964344,1000
291633913,1000
293273183,1000
293968698,1000
294098955,1.513967749
294159534,0.818215294
29722884,1000
298801915,0.403218001
302661599,1000
302661626,1000
303399455,1000
304219387,1000
306779230,1.329477463
308085979,1.146641438
308186412,0.407059111
308932824,0.550658791
308984536,1000
309252516,0.397898884
309299238,0.190748716
309403283,0.700798991
309857585,1000
310645659,0.423533897
311258541,1000
315004351,1000
333734230,0.343634817
33819781,1000
339633702,1000
340487632,1000
342888849,1.179614228
342888854,1.179614228
342967337,1000
350146388,1000
350481741,1000
355373774,0.577642981
355406796,1000
355794672,0.361437944
356019424,0.635250393
356204717,1000
356299294,1000
356460403,0.848685467
357023705,1000
358817580,0.965317501
358991384,1000
359158317,1.022079117
359740883,1000
360205899,1000
360641879,1000
360779428,1.933575054
361219467,1000
361227905,1.93722755
361742681,1.728286233
361834361,1000
362249384,1000
370236914,1000
370743873,1.525225947
373251856,1000
382435992,1000
382624902,0.876240552
384169931,1000
384360078,1000
384471898,1.611507313
384950919,1000
385012516,1000
385220745,1000
385626253,0.754413762
385927634,0.786223978
386242030,1000
386243603,1000
386411251,0.374231579
38680132,0.285475686
387004551,1000
388499647,0.565850346
38905773,0.315125157
400391630,1000
400445441,1.097554952
401299019,0.153906539
401478684,1.487614372
41168549,1000
429152610,1000
429152614,1000
430592416,0.173075425
431591891,1000
436718594,1000
437230158,0.940529101
440744832,1000
444536794,1.037590474
444847278,1000
446764692,1000
447437532,1000
45193132,1000
452710252,1000
45302816,1000
45310059,1000
45460157,0.496296021
45460236,0.384041481
46029665,1.300809835
46034586,1000
461156657,1.989850746
462320070,0.336530695
462392165,1000
462492721,0.931981825
462502614,1000
48016265,0.653049229
48333082,1000
49178529,1000
49178630,1000
54109992,1000
71029363,1000
71304330,0.541071429
75314085,1000
89463560,0.393169955
89617003,1000
92835294,0.956315903
92841571,1000
93272269,0.55333278
93544092,1.754903251
93550171,0.629788842
94187896,1000
97815168,1000
102076870,1000
102171925,1000
102302709,1000
103777040,0.473387068
103781571,1000
103861420,1000
107147988,1000
120298397,1000
120772404,1000
124102183,1000
124286087,1000
124338495,1000
124425626,1000
124454212,1000
124570753,1000
130722957,1.24249767
130845934,1000
130983925,1000
131120015,1000
134811023,1.239494236
134873712,1000
135049304,1000
135097399,1000
135160252,1000
135369982,1000
135371083,1000
135424156,0.462082351
135454081,1000
135506567,1000
141972200,1000
142098917,1000
142098919,1000
142110953,1000
142171923,1000
142173958,0.490363396
142264088,1.175557711
142326881,1000
142377526,1000
142387735,1000
142391477,1000
142391542,0.832833583
144155582,1000
144219766,1000
144221009,1000
144226726,1000
144289734,0.786827195
144431824,1000
144726187,1000
144823014,1000
144826574,1.292611984
144921815,0.521269941
145016382,1000
146489087,0.509360434
14715980,1000
151731416,1000
151738776,1000
151830314,1000
151860832,1000
152176559,1000
152397300,1000
152479307,1000
152484511,1.785456006
15367231,1000
15371740,1.043927649
15373882,1000
15444490,1.966951903
15446998,1000
15525212,1000
157175641,0.185102395
157228955,1000
157259346,1000
157270345,1000
157321951,1000
157323523,1000
157324520,1000
158328237,1000
160197791,1000
160204059,1000
160828759,1000
161162039,1000
161461436,1000
161740136,1000
162143408,0.627860978
162399127,0.406736226
162582602,1000
162584974,1000
162585265,0.256103886
162734054,1000
162893536,0.746723423
162987777,1000
163042241,1000
163190353,1000
164592809,1000
165295812,1000
165455652,1000
165904330,1000
165909066,0.903252033
178711988,1000
178723385,1000
178725301,1000
178752873,1000
178866765,1000
178886232,1000
179234597,0.496776838
180254625,1000
180258068,0.81886862
180258315,1000
180260607,1000
180263851,0.976345661
180995270,1000
181112830,1000
181151122,1000
181224055,1000
181225222,1000
204648696,1000
204698840,1000
20546556,1000
20614062,1000
21107353,1000
21109817,1000
21165132,0.745637584
21168851,1000
21827610,1.997602637
219423302,1.305778648
21986681,1000
22214795,1000
22395259,1000
22444931,0.12576528
22507789,1.626845638
22562087,1000
22562130,1.901312037
228697227,1000
229811070,1000
231737433,1000
248072945,1000
248076694,1000
248129790,0.505843072
248146490,1000
248146918,1000
248185023,1000
248206261,1.182334161
25425217,1000
258236059,1000
258317674,1000
258382306,0.210695998
258382313,1.104648272
260304085,1000
260646994,0.208130386
260773190,1000
260778617,1.077943079
261674916,1000
261677352,0.573764848
266842406,1000
267522448,1000
267845661,1000
267846678,1000
268129495,1000
268550619,1000
268660469,1000
268894000,0.881512827
269958752,1000
270374997,1000
270396903,1000
271106312,1000
271629040,1.737068404
271948049,1.101090188
272406021,0.453299786
272407484,0.470347504
272479918,1000
272649679,1000
272883371,1000
272909259,1000
273053129,1000
273127131,1000
273221537,1000
273311877,0.955424968
273317891,1.518451025
273452369,0.581903889
273459191,0.946606078
273817886,1000
277958255,1000
280562557,1000
280675564,1000
280865190,0.623660944
286864983,1000
287485553,1000
287664825,1000
287794816,1.084784378
288059360,1000
288374890,1000
288375338,1000
290674357,1000
290886355,1000
293085103,1000
293109927,0.54480814
294020935,1000
294390041,1000
294575879,1000
295032503,0.799088947
295238189,1000
295381391,1000
295777692,1000
295882266,1000
296336450,0.413126336
297138738,1.67740312
29849276,1000
300397516,1000
301219220,1000
301226897,0.912900575
302443822,0.515764633
302959739,0.437631303
303048907,0.279256823
303330700,1000
304417560,1.584125475
304425262,1.072307569
304531034,1000
306129593,1000
307255082,1000
307257778,1000
307698092,1000
307889317,1000
309150857,0.348776978
316367014,1000
317385747,1.645113524
319218849,1000
320570157,1000
321170838,0.676751269
321303992,0.581903889
32179964,1000
322698434,1000
323172801,1000
323609832,1000
332351556,1000
333192137,1000
333195768,0.716966927
333289147,0.375464684
333298129,1000
333386671,1000
333482849,1000
333670665,1.295878694
333670854,1000
333822981,1000
333832656,0.364003713
334034479,0.9448618
334124479,1000
334211618,1000
334217681,0.270349191
334217994,0.176805252
334221439,1000
334300225,1000
334400037,0.136096366
334684206,1000
334786174,1000
334790064,1.820316767
335046558,1000
335046560,1000
344331260,1000
344500353,1000
345135732,1000
345135733,1000
347677247,1000
349087882,1000
349131805,1000
359627920,1000
360442738,1000
360527688,0.409170426
361740142,1000
362427140,1000
362861389,1000
370438932,1.513967749
370705545,1.098730839
370825476,1000
371372421,1000
372225777,1000
372448825,1000
372515585,1.619140151
372515598,1.632023503
372810731,0.64727873
373035884,1000
375310963,0.726104243
375565862,1.171528998
375568111,1000
375838965,1000
375872061,1000
375895280,0.446782842
376802477,0.504847016
377374093,0.658077891
377877712,1000
378035923,1000
378126824,1000
378413560,0.402426877
378684460,1000
378804584,1000
378840080,1000
379542809,1000
380131021,1000
380679651,1000
382043650,1000
382163444,1000
382246151,1000
382258517,1000
382968820,1000
383615666,0.439318549
38579391,1000
389253973,0.889927241
389926863,1000
389988925,1000
390009811,1.105839416
390229592,1.696830851
390229606,1.699643039
390294856,1000
390320354,1.13271028
390359863,1000
390366768,1000
390384783,1000
390397794,1000
390440616,1000
390441711,1000
390442076,1.102273667
390472975,1000
390480826,1000
390759555,1000
390955053,0.525005907
391333587,1000
391341577,0.623281907
391345891,1000
391346342,0.40007202
391421181,0.752200406
391421890,0.874000262
391516487,1000
391728166,1.989850746
392116188,1.406032483
392467406,0.859352843
393478594,1000
397265144,1.67740312
397367343,1000
397367439,1000
398085117,1.66921247
398312409,1000
398476730,1.290984797
398625382,1.043927649
399367577,1000
399639698,1000
400320132,1000
400331058,1000
400424472,1000
400806831,1000
400913139,1000
401049758,1000
401181197,0.509613547
401184949,1.006036825
401228262,0.716466036
402132821,0.953648069
403842720,1000
404012623,0.644836759
405237154,0.79598782
405318479,1.985997319
405385085,1000
405386564,1000
411357190,1000
411416726,1000
411422518,0.142864797
411502344,0.486871417
411505379,1000
413441054,1000
415808109,0.663184599
421190696,1000
422351312,1000
429163292,1000
429235355,1000
429236863,1000
429293692,1000
433276686,1000
433276798,1000
433357868,0.599595233
433448211,1000
441136750,1000
443183773,1000
443673405,1000
446604183,1000
447276231,1000
448590406,1000
448695729,1000
448740792,1000
448741117,0.741325623
449348769,1000
449351034,1000
449355457,1000
450716635,1000
450935207,0.440261542
450964918,1000
451452509,1000
451922999,1.72248062
451949522,0.453700868
452035938,0.54918438
452448437,1000
452468734,1000
452522877,1000
452591471,1.409898477
452591868,1000
452604601,1.543591525
452697894,1000
453684455,1000
453766186,1000
454016233,1000
454016251,1000
454038589,1000
454070695,1.080213904
454073466,1000
454109915,1000
458161740,1000
458609072,1000
460049532,1000
460105389,1.251595944
460175993,1000
460179837,1000
460338822,1000
460347575,1000
460371874,1.716713881
460478249,0.520476283
460501099,1.993719157
460502873,0.453299786
460532958,1.097554952
460604193,1000
460793411,1000
460796730,1000
460946972,1000
461021559,1000
461066586,1000
461120837,1000
461122870,0.427061311
461125245,1000
461164260,1000
461164675,1000
462686632,1000
463232168,1000
463719392,1000
463869442,1000
464357682,1000
464498986,1000
464897118,1000
464898410,1000
464901555,1000
464907721,0.861518578
464907793,1.67740312
464929832,1000
464936356,1.92269974
464938239,1000
465075473,1.21597957
465107704,1.098730839
465458485,1000
465631056,0.313391787
465699961,1000
465700747,0.760568201
466069844,1000
466248428,1000
466285092,1000
466538554,0.76000456
466573354,1000
466577705,0.356165847
466672768,0.190182736
466744106,1000
466799461,1000
467013980,1000
467162727,1000
467341330,1000
467368706,1.820316767
467445890,1000
467773371,1000
467773418,1000
468162154,1000
5714469,0.431554074
57151429,1000
57151431,1000
57260250,1000
57404590,1000
57450117,1000
57513388,0.731803711
57528284,1000
57528287,1000
57528302,1000
57609486,1000
57612655,1000
57689945,1000
57719552,1000
57787631,1000
57789309,1000
57830249,1000
58535225,1000
58598997,0.326252937
60734281,1000
60734552,1000
61534916,1000
66944319,1.571984436
67131626,1000
67326261,1.632023503
67412678,1000
67416383,1000
67696009,1000
67699049,1000
67801852,0.3007987
67868078,1000
72178248,0.81496424
72180084,0.900871681
72316429,0.94399207
72445399,1.993719157
72499619,1.598944591
72499657,1.24249767
72560132,1000
72564426,1.823553549
72858760,1000
72987984,0.931981825
73182755,0.88
73225908,1000
73303344,1000
73308877,1000
73308879,1000
73336701,1000
73338645,1000
73400144,1000
73460115,1.451813133
73650567,1.051419558
73710370,1000
80215464,1000
80302288,1000
80780817,1000
81315776,1000
81628273,1.38701623
81699706,1000
82580408,1.42162508
82999434,0.726618705
91474697,1000
91531787,1000
91633707,1000
91909726,1000
92331987,1000
92692845,1.336407378
92858906,1000
93000166,0.741325623
93326464,1000
93718122,1.87010801
93848944,1000
93949866,0.421099179
94178492,0.872513089
94178495,1000
94346626,1000
94459006,1000
94554742,1000
94634649,1000
9467581,1000
97905782,1000
99032412,1000
100185748,1.93722755
100314334,1000
100582406,1000
101462,1000
101773425,1.626845638
101827432,1000
101868724,1000
101871538,1000
10238,1000
105450514,1000
107461667,1000
107615902,1000
107653567,1000
111835484,0.270420478
111947267,1000
111947943,1000
112176566,1.226156535
113277027,1000
120856811,0.164602753
121094784,0.586228124
121102484,1000
121196226,1000
121240521,0.319444112
121250827,1.194730711
121357059,1000
121407551,0.900871681
121409701,0.623660944
121672600,1000
121726626,1000
121779961,1000
121779963,1000
121839093,1000
121842245,1000
121847737,1000
121850125,1000
121979152,1000
121981993,1000
121982262,1000
121986836,1000
122083452,1.072307569
122162363,0.87698987
122244909,0.323780843
122248346,1000
122250596,1000
122288890,1.72248062
122394390,0.463544383
122397232,1000
122397233,1000
122456536,1000
122756151,1.027197781
122973489,1000
123723290,1000
124148366,1.853211009
125402195,1000
125657927,1000
125811563,1000
127024985,0.559674237
127089264,1000
127199595,1000
127246209,1000
127249954,1000
127311608,0.958998705
127315102,1000
127442482,0.987628713
127528383,1000
127664368,1.543591525
127731749,0.494382022
127791732,0.304460024
127794299,1000
127861722,0.412295893
127871423,1.310785567
127879955,1000
128079374,1000
128116539,0.64321899
128119540,0.388994252
128414141,0.732849604
128453434,1000
128622430,1000
128835094,1.603946102
128886984,1.634624816
128981637,0.393925068
128981638,0.393925068
128982260,1000
129060941,1000
129116176,1000
129117325,0.259867844
129419398,1000
129470268,1000
129623324,1.051419558
129691767,1000
129774131,1.229095602
130431501,1000
131081098,0.921927944
131411108,1000
132241629,1.601441441
133010063,1.593974175
133701057,0.600648766
134947,1.350486224
135097390,1000
137528618,1000
138728,1000
139659,1000
141045993,1.694027954
141778,1000
141807839,0.847283127
141937,1000
141961374,1000
142513032,1000
142811934,0.405770636
143414073,1.270198171
143420854,1000
14430,1000
144395071,1000
144637867,1000
145092212,1000
147622676,1000
147830641,1000
148081648,0.587908453
148081650,0.587908453
148087359,1000
148152192,0.375877527
148158169,1000
148158374,0.379353517
148158540,1000
148266987,1000
148415949,0.169415711
148480904,0.804732299
148494823,1000
148551290,0.632507828
148646689,0.557847609
148772375,1000
148772958,1000
148901155,1000
148904033,1000
148904850,1000
149437620,1.705295472
149483351,1000
149640056,1000
149723242,1000
149805871,0.431009957
151438404,1000
151704157,1000
151808928,1000
152231928,1000
152346470,1.96318657
152377452,1000
152395748,1000
152462443,1000
153140352,1000
153415213,1000
154117121,1000
154194621,1000
154438290,1000
155098408,1000
155384028,1000
155455,1.158297133
155514798,1000
158293963,1000
158480775,1000
158809330,1.489775394
158815026,1000
158948255,1000
158979332,0.766250934
159043143,0.184602603
159150734,0.157717287
159153860,1.187811832
159195919,1.671933785
159315144,1000
159372538,1.14153609
159376787,1000
159421340,1000
159428617,1000
159496289,1000
159537293,1.273352436
159589603,1000
159752939,0.504102545
159754676,1000
159757542,1000
159864583,1.820316767
160150808,0.374095067
160218863,1000
160288074,1000
160404487,0.872513089
160417246,1000
160417350,1000
160444291,1.569578526
160444470,1000
160502580,1000
160504689,1000
160545965,1000
160549804,1.915517241
160632970,1.479032616
160633268,0.311772134
160644410,1.494116329
160689461,1000
160695823,0.799088947
160701354,1.012992934
160703925,1000
160703933,1000
160704414,0.16891344
161786522,1000
16180468,1000
161873315,1000
161909108,1000
162407160,1000
162585282,0.256167858
162695390,0.245615328
163135893,1000
163898014,0.82149239
164029492,1000
164294030,1000
164582869,1000
164707361,1.409898477
164844,1000
165492756,1000
165662359,1000
165729961,0.955424968
165775281,1000
165823257,1000
166236309,1000
166236391,1.725378543
166242293,0.105907026
166447153,1000
166527623,1.405
166558572,1000
166577188,1000
166896955,1000
167480388,1000
167596713,0.822150962
167670025,0.424761844
167670065,1000
167704195,1000
168164936,1000
168511614,1000
169468632,0.324806315
169474827,1.757911392
169475779,1000
169780034,1.087084149
169995319,1.880394922
170244362,1000
170986304,1000
172608950,0.864423264
172608996,0.74726753
172615355,1000
172937284,0.842411222
173560788,1000
173871956,1000
17509396,0.835547756
175637609,1000
176463726,1000
176463845,1000
176736914,1000
177046404,1000
177342632,1000
177342637,1000
177906321,1000
178201756,1.034450652
178456568,1000
178931743,0.402426877
178936965,1000
179006947,0.637620164
179051461,1000
179051609,1.419657119
179058103,1000
179099805,1000
179130687,1000
179251947,0.649327878
179291515,1000
179292555,1.614043584
179323572,1000
179413040,1000
179413905,1000
179454594,1000
179486821,1000
179488671,1000
179538968,1000
179556239,1000
179609529,1000
179622269,1000
179623765,0.731803711
179715817,0.369113209
179743858,1000
179905128,0.328131922
179964001,1000
181158879,0.435032304
181229199,1.487614372
183672794,1000
183721262,1000
185053184,1000
185070752,0.248592206
185253549,1.120336134
185462761,1000
185466937,0.137188722
185467501,1000
186071470,1000
186071737,1.933575054
186282009,1000
186695560,1.364864865
188212197,1000
190372855,1.516206073
191006639,1000
192635573,1000
192865791,1000
193655752,1000
194744695,1000
201460245,1000
204901508,0.647687524
205098050,1000
205106599,1000
205337959,1000
205461071,0.924421023
207024611,0.761132679
207218435,1000
207786920,1000
208292428,1000
208390962,1000
209291266,1.07118753
210464356,1000
210466266,1000
21046708,1000
210512625,1000
210516792,1000
210541258,1000
210577071,1.859933036
210636726,1000
210806853,1000
210845898,1.119113573
210852484,0.714469453
210904767,0.792298092
210975114,1000
211021368,0.51680428
211023340,1000
211026927,1000
211129330,1000
211143017,1000
211237621,1000
211237627,1000
211310047,1.297518248
211350188,1.634624816
211459804,1000
211517703,1000
211519761,0.447758186
211587085,1000
211609345,1000
211679194,1000
211850864,1000
212006744,1000
212107778,1000
212111913,1000
212144639,1000
212187947,1000
212201942,1000
212461524,1000
214781069,1000
214977500,1000
214987913,1000
215392772,1000
215770172,1000
217182385,0.302484402
21736345,1000
219212899,1000
221026003,1000
221377651,1000
223258876,0.572164285
223364996,1000
22351517,1000
225141357,1000
225318044,1000
225355459,1000
225700322,1000
225957292,1000
226028654,1000
22836043,1000
2322864,1000
233981889,0.904845935
233982181,0.629402323
235323562,1000
23558618,0.457955482
23997930,1000
23998007,0.89070016
24001971,1000
24002064,1000
241289894,1.278113316
24130764,0.331098197
241308672,1000
241318996,1000
241343119,1000
241363085,1000
241376080,1000
241423335,0.681246806
241467204,1.348710167
241483053,1000
241506132,0.563363617
241511379,1000
241537051,0.444844845
241570607,0.544229906
241593128,1000
241604526,1.534353781
241611533,0.289668658
241626984,1.650408517
241640242,1000
241660076,0.144985536
241660079,0.144985536
241661288,1.92269974
241677723,1000
241683370,1000
241685708,1000
241691097,1.207389966
241728550,0.682607137
241734101,1000
241734117,1.688449848
241739877,1000
241751294,0.381470142
241755717,1000
241825308,1000
241836648,1000
241865167,1000
241883618,1.846537396
242097551,1000
242119768,1000
242146861,1000
242267549,1.719592416
242311400,1000
242336470,0.304731429
242367242,1000
242391843,0.756082346
242542752,1000
242548962,1000
242557720,1000
242572820,1000
242583230,0.952762095
242583644,1000
242595135,1000
242612195,1.182334161
243161100,0.564293575
243164696,1000
243192504,1000
243198273,1000
243219824,0.577317802
243237647,0.501636754
243237937,1000
243265638,1000
243309743,0.887616511
243321910,0.753859203
243330489,1000
243341756,1000
243344284,1000
243359168,1.926311227
243389982,1000
243390044,1.658415226
243391162,1.500675371
243391171,1.507292256
243393076,0.258622696
243396962,1.993719157
243416139,1000
243430178,1000
243455472,0.530436858
243477650,1.911946078
243496587,1.103459692
243497535,1000
243499551,0.402269024
243511069,1000
243563219,1.823553549
243642384,1.742972938
243647020,1000
244865631,0.428667888
244866914,0.315804434
244882956,1000
244903149,1.290984797
244943765,1000
245026007,1000
245033307,1000
245035219,0.636038357
245066871,1.299161957
245157924,1.183698837
245232133,1000
245234391,0.403059528
245271960,1.229095602
245298317,0.536542176
245304994,0.883030865
245339150,1.742972938
245430125,0.45410266
245431214,1000
245431787,1000
245440777,0.771438491
245934292,1000
246425529,1000
246597114,1000
247213812,1.883849089
247348620,1.839911675
249998165,1000
250091359,1000
250123846,1000
250218988,1000
253083455,1000
253085110,1000
253141553,1000
253151299,1000
253176053,0.61839603
253204497,1.163553849
253228981,1000
253270831,1.92269974
253309679,1000
253319678,1000
253360354,1.115461847
253370606,1000
253374215,0.788036411
253393942,1000
253425832,0.142685903
253501247,1000
253517149,1.929936306
253521513,1.198920863
254322223,1000
254334148,1000
254365274,1.73120374
254365686,1000
254387071,1000
254597659,1000
254628801,1000
254659451,1.978335065
254740868,0.774936061
254771390,0.94399207
254771977,1000
254844960,1000
254901458,1000
255029152,1000
255038045,1000
255092900,0.459391475
255191560,1000
255255899,1000
255263381,1000
255263576,0.442350443
255350388,1000
255464386,1000
255513991,1000
256168711,1000
256168939,1.543591525
256470244,1000
256597468,0.171914894
256902444,1.728286233
257365176,1000
258406641,0.638414021
258455309,1000
258518383,1000
258519867,1000
258520047,0.349609273
258583891,1000
258588345,0.836229066
258686739,1000
258789022,1.929936306
258908663,1000
260772408,0.421618545
260937089,1000
260937143,1.591500537
261219557,1000
261220766,1000
261389834,1000
261389883,0.491303066
261862960,1.608979001
261863003,1.608979001
261960129,1000
261987584,1000
261993378,0.30951386
264137167,1000
266719282,1000
269155560,1.284516813
269155561,1000
269797536,0.807266122
270107026,1000
271173708,1000
272208416,0.582564999
272248916,0.370714345
272309839,1000
272340468,1000
272341048,1000
272341056,0.919448276
272393044,1000
272395377,1000
272396062,0.425820052
272397344,1000
272456799,1000
272977820,1000
273020657,1000
273033221,1000
273279406,1000
273349137,1000
273904501,1000
2743109,0.46166632
275018323,1000
275651537,1000
275698736,1.338151159
275705109,1000
275921029,0.913713933
275927307,1000
276004385,0.88608268
276130740,1000
276219648,1000
276293815,1000
276300910,1000
276300912,1000
276452267,1000
276453848,0.305913127
276462423,1.699643039
276491524,1000
276494538,1.779260643
276503464,1000
278327818,1000
278409390,1.801134828
278647094,1000
279690786,0.452899412
279810164,1000
279819212,1000
279821618,0.458569807
279883855,1000
280055342,0.393320746
280135202,1000
280351891,1000
280352117,1000
280514622,0.690419472
280822724,1.606458609
280828479,1000
280939396,1000
280945693,0.636433072
281164807,1000
281757097,1.049268062
281960524,1000
285357261,1000
286148475,1000
287564618,0.455919568
287602143,1000
287610404,0.362716291
287670422,0.342030324
287672433,1.189189189
289037856,1000
289425857,0.44600562
290112560,1000
290432014,1000
290794924,1000
290932786,1000
291621749,1000
291651765,0.41362621
291866634,1000
291909020,1.710985626
292082107,1000
292160633,1000
292160635,1000
292265209,1.279708197
292566342,1000
2926575,1000
292925229,1000
293422940,1000
29362377,1000
294558241,1000
295899674,1000
295901750,1000
295911223,1000
296041889,1.642478748
296264014,1000
296483317,1000
296700769,1.049268062
29731593,1000
297891163,1000
300229986,1000
300649919,1000
30067072,0.506843066
300874574,1000
301087756,0.482519001
30120760,1000
30247012,1000
30287172,1000
303188775,1000
303277487,1.374008039
305720070,1000
30601303,1000
306548914,0.778465491
307143242,1.207389966
307425592,1.343409915
307526685,1000
307533179,1000
307602388,1000
307606579,1000
307606851,1000
307610438,1000
30843137,1000
3084844,0.542789675
308769611,1000
308903145,0.828795226
309039549,1000
309096769,1000
309200720,1000
309456404,1.598944591
309525500,1000
309537028,1000
309592163,1000
309817108,1000
30993392,1000
310553064,1000
310555052,1000
310556491,0.777875022
310888517,1000
311051982,1000
311504442,1000
311587909,1000
311589488,1000
311757828,1000
312093689,1000
312134943,0.379774961
312420298,1.130213632
312512588,1000
312617534,1000
312617539,1000
312803013,1000
312963420,0.622903331
313272501,1000
313857039,1000
314119556,1000
314457370,1000
314551036,1000
314624925,1000
314898880,1000
314899629,0.412627669
315340047,0.35653732
315667964,1000
315806959,1000
316155799,1.944574096
316284824,1000
316295827,1000
316430346,1000
316577292,0.569305662
316657304,0.379073074
316895281,1.498482635
317501202,1000
317530127,1.8769534
318035342,1000
318141352,1.468443661
319652833,1000
320855910,1000
321657875,1000
321805583,1.674663987
322448211,1000
322617660,1000
322950055,1.317521494
323020529,0.930290978
323246065,0.133059204
323246150,1000
323269451,1000
323292484,1.839911675
323292655,0.834867556
323350241,1000
323350447,1.933575054
323354786,1.251595944
323354855,1000
323579229,1000
3243257,0.495576537
3244269,1000
324855290,1000
324945165,1000
324981153,1000
326160197,0.221480189
326467176,0.487334138
326538701,1.6665
326742300,1000
327018071,1.237997957
327039106,1.37955298
327150358,1000
327168037,0.933678829
327330233,1000
327551575,1000
327667195,1.189189189
328248725,1.044991378
328480578,1.003084794
328591089,1000
328700272,1000
328702100,1.502874535
328802637,1000
328811406,0.559674237
329126533,1000
329299765,1000
329454577,1000
329538372,1000
329544296,1000
329604972,0.522864538
329657282,1000
329681689,1000
329775824,1000
329815628,1000
330123048,0.346537742
330551496,1.705295472
330854797,1000
330987798,1000
331178729,1000
331183881,1000
331335557,1.785456006
331905818,1000
332012383,1000
33207345,0.475141666
332124503,1.247030212
332213483,1.050342709
332408370,1000
332793697,0.70175808
332888505,1000
333544395,1000
333825708,1000
333843969,1000
333950446,1.338151159
334124480,1000
334129050,1000
334234040,0.816261556
334300228,1000
334417833,1000
334424163,1000
334425144,1000
334471381,1000
334835256,1000
334930659,1000
334930665,1000
335139519,1000
335146096,0.816261556
335287811,0.876240552
335370623,1.489775394
335376063,1000
335452175,0.650151175
335454137,1000
335598085,0.661047203
33563673,0.863695258
335643748,1000
335836484,1.820316767
336474663,1000
336697594,1000
337147104,1000
337359464,1000
337819441,1000
338029510,1000
338248268,1000
338273577,1000
338465029,1.198920863
338495232,0.859352843
338655076,0.926927623
338669161,1000
338896318,1000
339308290,1000
339415690,1000
339530484,1.299161957
339812943,1000
339879584,1000
339989392,1000
340221485,0.246264108
341051535,1000
3411260,1.67740312
3412422,1000
341286194,1000
341448790,1000
342195230,1000
342299823,1000
342616246,1000
343609114,0.566788538
343709282,1000
343976519,0.634857143
345686927,1.791694665
348972955,1000
35001854,1000
350461192,1000
351428181,1000
351521484,1000
351619257,1000
352162554,1000
35508079,1000
356900912,1000
357040880,1000
357040925,0.25693802
357105141,1000
357105301,1000
357165560,1000
357208862,1000
357311864,1.487614372
357906942,1000
358020786,1000
359110060,1000
359137193,1000
359307236,1.154385661
359308549,1000
359641042,1000
359690566,1.586576223
359762838,1.135217984
359766629,1000
359766954,1000
359767082,1.534353781
359767456,1000
359830202,0.353100087
359892714,0.472079601
359916090,0.969882148
359997243,1000
360000758,1000
360130454,0.574729491
360156606,1.66110142
360261300,1.029259631
360263464,1000
360323842,1.823553549
360339486,1.843218582
360631514,1000
360899037,0.876240552
361112047,0.326252937
361289085,1.859933036
363622794,1000
363773536,0.686720923
363781484,1.124019897
363846319,1000
363851826,1.45387132
364200513,1000
364200608,1000
364203272,1000
364368528,1.948268303
364523302,0.602412905
364535352,1000
364757920,1000
366011024,1000
366011440,1.552941176
366011855,0.532917616
366248785,1000
366314212,1000
36768039,1.205970149
368499910,0.462082351
368723998,0.271638142
36959970,1.804303695
369620680,1000
369743686,1000
369743688,1000
369897885,1.431547299
370476997,1000
37106902,1000
371083374,1000
371118393,1000
371122327,1000
37182195,1000
372884534,1000
374456194,1000
374648559,1000
374732772,1000
37479080,1000
374811843,1000
374812110,1000
374823554,0.996263638
375681458,1000
375729536,0.535421687
376804195,1.074554687
378094374,1000
379133054,1000
379329149,1.41378579
379552897,1000
379593781,1000
379769581,1.312463083
380486560,1.145360825
381377851,1.359437137
381441323,1000
381441805,0.489660998
381838186,1000
381941359,1000
382288432,1000
382407397,1000
382407573,1000
382543452,0.761132679
382619547,1000
382643945,1000
382646817,1000
382700651,1000
382701193,1000
382720578,1000
382794993,0.616166751
382951562,1000
383337212,1.059019779
383337214,1.060114504
383346621,1.443638332
383492888,1000
383497618,1000
383582909,1000
383591751,0.850797703
383632304,1000
383894833,0.492719344
385997634,1000
386816877,1000
386943436,1000
386944962,1000
38740321,1000
387426198,1000
388237166,1000
388240837,1000
388672195,1000
388674739,1000
389955369,1000
390601640,1000
39091208,1000
391251375,0.745095848
391995932,1.522960932
392031929,0.722523304
392038114,1000
392102549,1000
392322718,1.740015662
392325093,1000
392328254,0.761697995
392556209,1000
3926262,1000
392694988,1000
392752914,1000
392753815,0.644431555
392788625,1000
392838495,1.451813133
392860047,1000
395052612,0.295937847
395130640,0.41295998
396138247,1.302461899
397231463,1.608979001
399020708,0.44349822
399025895,0.382751493
399151944,1000
399637637,1000
399853374,1000
401137605,1000
401282871,1.581682287
402546736,1000
402648095,0.883791846
404017605,0.993368601
404018697,1000
404144841,0.447172469
405040121,0.828795226
405077613,1000
405081305,1.496296296
405089321,1000
405508600,1000
405512926,0.960795618
405513314,0.377399083
405513518,0.576344458
405514195,1000
405567821,0.191175416
405575602,1.904843549
405575677,0.943123939
405576310,0.358406366
405642977,1000
405692410,1.061211494
405749966,1000
405754448,0.53851436
405756510,1.674663987
405805240,1.728286233
405813282,1000
405816683,1000
405846469,1000
405911276,0.493430549
405912777,1000
406100947,0.920273349
4061225,1000
406180136,0.311393469
406376496,1000
406376506,1000
406376573,1000
406378155,1000
406621405,1000
406624260,1000
406694754,1000
40809505,1.632023503
409358619,0.361056195
409753154,1000
410103620,1000
41057110,1000
410857373,1.53895879
410881634,0.72354282
410981161,1.406032483
411128422,1.593974175
411806442,1000
411874804,0.549773196
411883036,1000
411885590,1000
412016542,1000
412075148,1000
412076331,1000
412106125,1000
412191425,1000
412298784,1000
412300810,1000
412444432,1000
412491257,0.693688537
412540862,1000
412750979,1000
413145172,1.336407378
413285274,0.472079601
414077635,1000
414138813,1.742972938
414519239,1000
414937822,0.710017575
415241207,1000
415241228,1000
418278072,1000
418282828,1.390778218
418461487,1000
418557923,1000
419175506,1000
419778517,1.468443661
419788368,0.805997219
419858183,1000
420013846,1.748917749
42024746,1000
420340349,1.348710167
42045978,1000
420582177,1000
420582698,1.085933046
420587895,1000
420925200,1000
422481257,1000
422529332,1000
424780978,1000
425314091,1000
425368089,0.824133028
425505324,0.383323749
425538263,1000
425579452,1000
425585534,1000
426453339,1000
428781346,1.245515695
429165228,1000
429383724,1000
42974961,1000
430829746,1000
430917753,1000
43096061,1000
433738779,1.427561837
434362248,1000
434563064,1.688449848
434567711,1000
434572413,1.282909931
434664688,1000
435003773,1000
435111484,1000
435801086,1000
435977760,1000
436073131,1000
436276821,1000
436277475,1000
436783866,1000
436998675,1.253125294
437091565,0.632117965
438586540,1000
438598966,1.052498618
438605218,1.164875491
438627800,1.01199332
438645944,1000
438685468,1000
438692318,1000
438702139,1000
438733975,1.3776997
438734016,1000
438775149,1.529776248
438789953,1000
438790187,1000
438790188,1000
438838902,1000
438863006,1000
439971546,1.48545961
439979970,1000
439982071,1000
440813098,0.457138938
440858765,0.805997219
440859812,1000
440863421,1000
440864431,1000
440867932,0.959896321
440868439,1000
440878550,1000
440880146,1000
440957166,1000
442062521,1000
442549473,1000
442577704,1.040749415
442583304,1.091713069
442584059,1000
442586321,1000
442586515,1000
442611273,0.900871681
442611764,1000
442613663,0.869553874
442615457,1000
442623945,1000
442675854,1000
442679925,1000
442689368,1000
442692020,1.374008039
442789578,1000
442813719,1000
442828160,1000
442831713,1000
442866840,0.613953488
443468446,0.961696602
443480340,1000
44476593,1000
446318155,1000
446788152,1000
446885705,1000
446973978,1000
447235456,1000
447993848,0.955424968
448000390,0.288527712
448165364,1000
448186109,1000
448253468,1000
448291130,1000
448445953,0.427952364
448852739,1.170192223
449453090,1000
449586720,1000
449628293,1000
449650822,0.52825105
449666278,1000
449888653,1000
450453847,1000
450568754,1000
450605193,1000
450690604,1000
450711878,0.206288296
450784713,0.278120828
450794865,1000
450861969,1000
450941267,1000
450957950,1000
451140671,1.527497709
451269744,0.668807063
453416841,1000
453510797,0.312246762
453515748,0.954535691
453600519,1000
453661520,1000
453750774,0.137042062
453751173,0.706593174
453808153,0.793524195
453811191,0.482973482
453813834,1000
453819990,1000
453858054,1000
454103841,1000
454335224,1000
454469713,0.713475329
454541357,1.189189189
454638159,1000
454715223,1.494116329
454757744,1.933575054
454816904,1000
454961345,1000
454961439,1000
454980196,1.639852399
455000299,1000
455309397,0.904845935
455375884,0.797225378
455380095,1000
455410480,1000
456421307,1000
456423684,1000
456983505,0.518633782
457183676,1.915517241
457308993,0.358782529
457329755,1000
457458531,1000
45754227,1000
457557304,0.487797739
457643774,1000
457686485,1000
457957224,1000
457995946,1000
457996506,1000
458058639,1000
458060904,1000
458097807,1000
458177065,0.506843066
458181375,1.680151229
458208929,0.345487056
460182601,1000
460297171,1.163553849
460323913,1.472660996
460329848,1000
460372891,1.01199332
460765494,0.316877808
460844584,0.796606119
460849032,1000
460849765,1000
461233137,1000
461282941,1000
461307978,1000
461649403,1000
461663855,1.150500518
461683405,1000
461685626,1.381411253
462044648,1000
462073687,1000
462077825,0.471428571
462146751,1000
462146834,1000
462970984,1000
463058450,1000
463229791,0.590277163
463457697,1000
463457720,1000
463766043,1000
463780382,1000
463780569,1000
464152511,1000
465470793,0.414462026
466368276,1000
466484360,1000
466734882,1000
467980197,1000
46888744,1000
47656047,1000
47752102,1.557658605
47884213,1000
47957164,1000
48006791,1000
48007647,1000
48064387,1.271773347
48067254,1000
48227278,1000
48358355,1000
48364505,1.221774194
48437482,1000
48630780,1000
49420182,1000
54172975,1000
54175032,1000
54175033,1000
54179668,1000
54245747,0.972641716
54339425,0.560592044
54449487,1000
54595692,1000
54667962,1000
54810190,1000
54811378,1000
58406077,1.431547299
58413338,0.28893416
58463400,1000
58488208,1000
58582428,1000
58583881,1000
58593044,1000
58646587,1000
58749494,1000
58751944,1000
58752825,1000
58753072,1.226156535
58753883,1000
58832313,1.632023503
59015682,1000
59017926,1000
59093872,1000
59183599,1000
59232730,1000
59327002,1000
59403154,1.908388205
59500324,1.346938776
61012630,0.44426672
61079477,1000
61122167,1.598944591
61249746,1000
61356670,1000
61393918,1000
61526759,0.763967681
61530691,0.402426877
61600609,1000
61707364,0.322356013
6179301,1.06784141
6180142,1000
66680534,1.024120449
66922964,1.124019897
67170726,1000
67237467,1000
67271271,0.806631171
67670494,0.157644555
67822383,1.06784141
67897871,0.259539013
67978974,0.5689898
68053872,1000
68164488,0.858633348
68176067,1000
68254636,1000
68255976,1.372169617
68286377,1000
68328624,1000
68405083,1000
68414973,0.550363276
68416596,1000
68418284,1000
68431895,0.933678829
68435447,1000
68499562,0.779056857
68564307,1000
68567425,1000
69094113,1000
69178294,1000
69283667,1.11062979
69384248,1000
69420071,1000
69723262,1000
69876021,1.959435626
69883377,1000
69963577,1000
70013065,1000
70111238,1000
72008370,1.760929864
72178247,0.81496424
72678969,1000
72852731,1.125253207
72902613,1000
75379576,1000
75436488,1000
75540884,0.52797909
75543709,1000
75616091,1000
75642561,1.190569745
75648725,1000
75735567,0.265932619
75869475,1000
75873633,0.465649122
75931110,1000
75933042,1000
75970186,1000
75971901,1000
76050403,1000
76056809,1000
76057224,1000
76322020,0.874000262
76322064,1000
76325954,1000
76395613,1000
76397021,1000
76432514,1000
76435066,1.151792657
76580025,0.511902933
76587359,1000
76652075,1000
76702258,1000
76706808,1000
78872931,1000
78981730,1000
79358659,1.476902625
81003,1000
81559041,1000
83211097,1000
83332539,1000
83365367,1000
83451882,1000
83585826,1000
8373961,1000
83757145,1000
83785001,1000
83863971,0.617651147
83913272,1000
83917373,1000
84085575,1000
8420443,0.589598443
84752981,0.753305458
84753635,1000
84756271,1000
85133085,0.801587302
88789763,1000
88966513,1000
89026796,1000
89027437,1000
90800382,0.52797909
9243001,1000
93220501,1000
93456758,1000
93457683,1.350486224
93610654,0.562128431
93700013,1.14153609
93704259,1000
93778206,1000
93869857,1000
93929282,1.779260643
93932740,1000
93985722,1.96318657
94071239,0.508350492
94075828,1000
94681643,1000
94683443,0.48525879
94731904,1.0634123
94833141,1000
94834179,1000
95000725,1000
95106140,1000
95282711,1000
95556638,1000
95977956,1000
96059446,1000
96152143,1000
96351492,1000
96630287,1000
96631952,1000
97014510,1.370336109
97769815,1.516206073
97903198,1000
98305034,1.145360825
98327111,1000
98761335,1.431547299
98764168,1000
98900141,0.849388379
98900472,1.131460579
98909539,1.619140151
98914134,1.754903251
98921462,1000
99039745,0.919448276
99039842,1000
99041233,1.908388205
99049176,1000
99205053,1000
99210610,1000
99211574,1000
99285266,1000
99296429,1000
99324893,1.265495966
99918378,1000100185748,1.9372275501307759 
100314334,1000.0 
100582406,1000.0 
101462,1000.0 
101773425,1.6268456375838924 
101827432,1000.0 
101868724,1000.0 
101871538,1000.0 
10238,1000.0 
105450514,1000.0 
107461667,1000.0 
107615902,1000.0 
107653567,1000.0 
111835484,0.2704204782864445 
111947267,1000.0 
111947943,1000.0 
100185748,1.9372275501307759 
100314334,1000.0 
100582406,1000.0 
105450514,1000.0 
10954243,1000.0 
122756151,1.027197781030896 
122973489,1000.0 
123288131,1000.0 
123519327,1000.0 
123723290,1000.0 
125657927,1000.0 
125811563,1000.0 
127871423,1.3107855668075903 
127879955,1000.0 
128580039,0.6848864687146821 
129691767,1000.0 
130431501,1000.0 
132241629,1.6014414414414413 
132612759,1000.0 
133010063,1.593974175035868 
133701057,0.6006487655433411 
133701671,1000.0 
137528618,1000.0 
140114569,0.8815128272943665 
140510862,1000.0 
140891597,0.23557267554864475 
141045993,1.694027954256671 
141212720,1.520702634880803 
141423634,0.9501140250855188 
141807839,0.8472831267874166 
141975926,1.1556865464632455 
142052608,1000.0 
142052876,0.5608986495014515 
144028101,1000.0 
147830641,1000.0 
149248196,0.5142129826050064 
149347480,1.8838490885968633 
149351776,1000.0 
149437620,1.7052954719877207 
149483351,1000.0 
149542119,1000.0 
149639944,0.9744901688473065 
149640056,1000.0 
149723242,1000.0 
149771158,0.8658829642138078 
149805871,0.4310099573257468 
149935360,1000.0 
150062527,1000.0 
150068381,0.5340276386941718 
150143137,0.51994851994852 
150249155,1.0847843775427175 
150322340,1000.0 
150359500,1.0334082629253547 
151300352,0.3107330148001398 
151438404,1000.0 
151704157,1000.0 
151808928,1000.0 
152346470,1.963186570460904 
152377452,1000.0 
15277536,1.3832745382859515 
153140352,1000.0 
153415213,1000.0 
153781478,0.32195121951219513 
153789197,0.6816996471851511 
154117121,1000.0 
154194621,1000.0 
154438290,1000.0 
15502880,1.7489177489177488 
155098408,1000.0 
155384028,1000.0 
155430355,1000.0 
155514798,1000.0 
158480775,1000.0 
160689461,1000.0 
161299420,1000.0 
161786522,1000.0 
16180468,1000.0 
161873315,1000.0 
161909108,1000.0 
162103493,1000.0 
163135893,1000.0 
163141448,1000.0 
163898014,0.8214923901657527 
164029492,1000.0 
164210761,1000.0 
164707310,1000.0 
164707361,1.4098984771573604 
167119957,1000.0 
167123841,0.2704918032786885 
167439141,1000.0 
167808464,1000.0 
167815117,0.46820017559262506 
170244362,1000.0 
170986304,1000.0 
171611328,1000.0 
172608950,0.8644232639564287 
172608996,0.7472675298469817 
172615355,1000.0 
172889501,0.8261246746808775 
172937284,0.8424112220396816 
173056702,1000.0 
173262517,1000.0 
173560502,1000.0 
173560788,1000.0 
173871956,1000.0 
17399504,0.6157967667436489 
17499007,1000.0 
17509396,0.8355477563299072 
175637609,1000.0 
176463726,1000.0 
176463845,1000.0 
176736914,1000.0 
176873028,1000.0 
176980970,0.6113913601760983 
177046404,1000.0 
177115978,1000.0 
177313167,0.2995685781053388 
177342508,1000.0 
177342632,1000.0 
177342637,1000.0 
177631209,1.3364073777064958 
177906321,1000.0 
178201756,1.0344506517690875 
178456568,1000.0 
179040880,1000.0 
179051461,1000.0 
179051609,1.4196571185177296 
179058103,1000.0 
179234597,0.4967768379476097 
179315999,0.6143212607132983 
179609529,1000.0 
179622269,1000.0 
188212197,1000.0 
189421351,1000.0 
190372855,1.5162060730126237 
191006639,1000.0 
192635573,1000.0 
192865791,1000.0 
193655752,1000.0 
194744695,1000.0 
198051539,1000.0 
198079612,1000.0 
201460245,1000.0 
204901508,0.6476875242907112 
205098050,1000.0 
205106599,1000.0 
205175750,1000.0 
205337959,1000.0 
205461071,0.9244210234364165 
206069705,1.307443365695793 
207024611,0.7611326786937657 
207218435,1000.0 
208292428,0.4884947970101128 
210464356,1000.0 
210466266,1000.0 
21046708,1000.0 
210512625,1000.0 
210516792,1000.0 
210541258,1000.0 
210577071,1.8599330357142858 
210636726,1000.0 
210845898,1.1191135734072022 
210904767,0.7922980923515778 
210975114,1000.0 
211021368,0.5168042795673916 
211023340,1000.0 
211026927,1000.0 
211080657,1000.0 
211086449,1000.0 
211129330,1000.0 
211143017,1000.0 
211237621,1000.0 
211237627,1000.0 
211310047,1.2975182481751824 
211350188,1.6346248160863166 
211459804,1000.0 
211587085,1000.0 
211609345,1000.0 
211679194,1000.0 
211681133,0.5063425750094949 
211850864,1000.0 
212006744,1000.0 
212044820,0.6848864687146821 
212107778,1000.0 
212111913,1000.0 
212144639,1000.0 
212187947,1000.0 
212201942,1000.0 
212461524,1000.0 
213240679,1000.0 
214781069,1000.0 
214870481,1000.0 
214977500,1000.0 
214987913,1000.0 
215392772,1000.0 
215770172,1000.0 
217182385,0.30248440158820195 
220391763,0.600297176820208 
220405105,1000.0 
220425740,0.5612055901666947 
220433363,0.4277738561252647 
220433364,0.4277738561252647 
220473309,1000.0 
221026003,1000.0 
221355243,1000.0 
221377651,1000.0 
222835418,1000.0 
223258876,0.572164284794644 
223364996,1000.0 
22351517,1000.0 
225141357,1000.0 
225318044,1000.0 
225355459,1000.0 
22836043,1000.0 
230793632,1.5890345649582835 
230795292,1000.0 
231888176,1000.0 
2322864,1000.0 
233981889,0.9048459345730963 
233982181,0.6294023227268435 
234203018,1000.0 
235323562,1000.0 
237969900,1000.0 
238194430,0.7003204286389663 
238196350,0.849388379204893 
23997930,1000.0 
23998007,0.8907001603420631 
24001971,1000.0 
24002064,1000.0 
24130764,0.3310981969900164 
24192391,1000.0 
245934292,1000.0 
246425529,1000.0 
246597114,1000.0 
246664608,1000.0 
247213812,1.8838490885968633 
247348620,1.8399116754071212 
248318088,1000.0 
25118964,1.018020769700672 
254322223,1000.0 
254334148,1000.0 
254365274,1.7312037397740554 
254365686,1000.0 
254387071,1000.0 
254394012,1000.0 
254406143,1000.0 
254597659,1000.0 
254628801,1000.0 
254659451,1.9783350645496367 
254740868,0.7749360613810742 
254771390,0.9439920696735821 
254771977,1000.0 
254844960,1000.0 
254901458,1000.0 
255029152,1000.0 
255038045,1000.0 
255092900,0.4593914751386926 
255134616,0.26669333866773354 
255191560,1000.0 
255236579,0.3017723352724145 
255246336,1000.0 
255255899,1000.0 
255263381,1000.0 
255263576,0.4423504429476758 
255350388,1000.0 
255464386,1000.0 
255488269,1000.0 
255513991,1000.0 
256097445,1000.0 
256097450,1000.0 
256239953,0.6165371809100999 
256301736,0.27759385345743015 
256902444,1.7282862328234379 
257365176,1000.0 
258101273,1.0836381370397465 
258406641,0.6384140209739979 
260127241,0.2542625014303696 
260241701,1000.0 
260268898,1000.0 
260304085,1000.0 
260351540,1000.0 
260972843,0.2846042182563402 
261236136,1.8803949224259517 
261335869,0.5503632760898283 
261960129,1000.0 
263009731,1000.0 
265179710,1.368507493327859 
266271836,1.8873159682899208 
26704081,0.3333583377090991 
269155560,1.284516812795067 
269155561,1000.0 
269797536,0.8072661217075385 
270107026,1000.0 
271639931,0.3779554345977207 
272550631,1000.0 
272977820,1000.0 
274017928,1000.0 
2743109,0.4616663203822979 
275018323,1000.0 
275927307,1000.0 
276947628,1000.0 
276967501,1.9482683033757127 
277016043,1000.0 
277665086,1000.0 
277674241,0.25041322314049586 
278024057,1000.0 
278036258,1000.0 
278327818,1000.0 
278409390,1.8366166138586582 
278647094,1000.0 
278731274,0.4984670604950272 
278825715,1000.0 
278899969,1000.0 
278991483,1000.0 
279516277,1000.0 
279690786,0.4528994123042429 
279810164,1000.0 
279819212,1000.0 
279821618,0.4585698070374574 
279883855,1000.0 
280055342,0.3933207458107151 
280351891,1000.0 
280352117,1000.0 
280822724,1.6064586094710207 
280828479,1000.0 
280865190,0.6236609440052392 
280939396,1000.0 
281164807,1000.0 
281631603,1000.0 
281960524,1000.0 
28317917,1000.0 
285357261,1000.0 
287405060,1000.0 
287964344,1000.0 
288059360,1000.0 
288168087,1000.0 
288173025,1000.0 
289877581,1000.0 
290112560,1000.0 
290330634,1000.0 
290408720,0.26572590289404446 
290432014,1000.0 
291621749,1000.0 
291651765,0.4136262099776619 
291866634,1000.0 
291991626,1000.0 
292082107,1000.0 
292566342,1000.0 
292626924,1000.0 
2926575,1000.0 
292925229,1.5274977085242896 
293273183,1000.0 
293422940,1000.0 
29362377,1000.0 
293798090,0.7594417544859015 
294098955,1.513967749261867 
294510110,1000.0 
294558241,1000.0 
294754396,1000.0 
294993587,1000.0 
295317497,1000.0 
295899674,1000.0 
295901750,1000.0 
295905052,1000.0 
295911223,1000.0 
296039638,1.4941163285890393 
296041889,1000.0 
296264014,1000.0 
296483317,1000.0 
296700769,1.0492680623327562 
29731593,1000.0 
297855749,1.131460578799966 
297891163,1000.0 
300649919,1000.0 
300874574,1000.0 
301048970,1.8667040044805379 
301087756,0.4825190010857764 
301547937,0.3859202223122793 
301842094,1.6968308514700265 
302443822,0.5157646330612402 
302661599,1000.0 
302661626,1000.0 
302959739,0.4376313025210084 
302965929,1000.0 
303188775,1000.0 
303277487,1.374008038750902 
304437284,1000.0 
306779230,1.3294774631033106 
306927574,1.4295517906926871 
306980405,1000.0 
30760081,1000.0 
307783859,1000.0 
307921974,0.41163393849573915 
308085979,1.1440830687376642 
308183430,1000.0 
3084844,0.5427896751078902 
309898261,1000.0 
312803013,1000.0 
313272501,1000.0 
315667964,1000.0 
317325489,1000.0 
317350326,1000.0 
318035342,1000.0 
318141352,1.4684436611961669 
319289907,1.242497670083877 
32068898,0.6798918863787037 
322306553,0.7616979946294921 
322950055,1.3175214942187963 
323020529,0.9302909776010048 
323172801,1000.0 
323246065,0.13305920396023793 
323246150,1000.0 
323292484,1.8432185815014517 
323292655,0.8355477563299072 
323350241,1000.0 
323350447,1.9445740956826134 
323354786,1.2531252937306137 
323354855,1000.0 
3243257,0.4955765370604416 
3244269,1000.0 
324855290,1000.0 
324945165,1000.0 
326742300,1000.0 
327039106,1.3795529801324502 
328480578,1000.0 
328591089,1000.0 
329538372,1000.0 
329544296,1000.0 
329681689,1000.0 
330854797,1000.0 
33207345,0.47514166577568695 
334471381,1000.0 
334930659,1000.0 
334930665,1000.0 
335370623,1.4919427036705462 
335376063,1000.0 
33563673,0.8636952578388184 
335836484,1.8203167667941014 
336697594,1000.0 
337147104,1000.0 
337359464,1000.0 
338091463,1.0407494145199063 
338104678,0.7230327024242096 
338105219,1000.0 
338248268,1000.0 
338356559,1000.0 
338495232,0.8593528425937862 
33864387,1000.0 
338655076,0.9260905807168658 
33881250,1.1415360904187002 
338896318,1000.0 
339308290,1000.0 
339633702,1000.0 
339770560,1.0975549518399605 
339812943,1000.0 
339879584,1000.0 
339989392,1000.0 
340221485,0.24626410772669338 
340410923,1000.0 
341051535,1000.0 
3411260,1.6774031202818318 
3412422,1000.0 
341286194,1000.0 
341448790,1000.0 
342195230,1000.0 
342299823,1000.0 
342616246,1000.0 
343403758,1000.0 
343609114,0.5667885383895928 
343649594,1000.0 
343709282,1000.0 
343976519,0.6348571428571429 
343995839,1000.0 
34404183,0.3451382416899658 
345686927,1.7916946646956056 
348555861,1000.0 
348555880,1000.0 
348839788,0.2722872373016359 
348844681,1000.0 
348972955,1000.0 
349055504,1.114249895528625 
349195685,0.24088461677447331 
35001854,1000.0 
350146388,1000.0 
350461192,1000.0 
350481741,1000.0 
350563576,1000.0 
350712873,0.12211139504849834 
350768519,0.710017574692443 
350869718,0.39453125 
351428181,1000.0 
351521484,1000.0 
351619257,1000.0 
351919907,1000.0 
352162554,1000.0 
35508079,1000.0 
356900912,1000.0 
357019659,1000.0 
357040880,1000.0 
357040925,0.2570024096385542 
357105141,1000.0 
357105301,1000.0 
357165560,1000.0 
357208862,1000.0 
357311864,1.4876143717920107 
357906942,1000.0 
359137193,1000.0 
359766629,1000.0 
359766954,1000.0 
359767082,1.5343537806421912 
359767456,1000.0 
359892714,0.47164538154031205 
359997243,1000.0 
360000758,1000.0 
360156606,1.6611014203837526 
360261300,1.028227672373901 
360263464,1000.0 
360323842,1.8235535494460402 
360339486,1.8399116754071212 
360631514,1000.0 
360899037,0.8762405520867566 
361112047,0.32614917924505227 
361289085,1.863312368972746 
361861044,1000.0 
362351038,1000.0 
363798493,1000.0 
364017175,0.14704357704567264 
364200069,1.5184510250569476 
364200072,1.5184510250569476 
364200513,1000.0 
364200608,1000.0 
364203272,1000.0 
364368528,1.9482683033757127 
364523302,0.6024129049749221 
364535352,1000.0 
36768039,1.2059701492537314 
368854975,1.5890345649582835 
36959970,1.8043036946812827 
369862028,1.12525320729237 
369897885,1.4436383324309692 
370236914,1000.0 
37106902,1000.0 
371083374,1000.0 
371372421,1.1492112748900958 
37182195,1000.0 
372515585,1.603946102021174 
372515598,1.632023503488799 
372884534,1000.0 
373432787,0.8666146645865834 
374456194,1000.0 
374648559,1000.0 
374732772,1000.0 
37479080,1000.0 
374811843,1000.0 
374812110,1000.0 
374823554,0.9962636377223134 
375034557,1.6856745479833104 
375058105,1000.0 
378094374,1000.0 
378101447,0.20970507274872197 
381285216,1000.0 
381285222,1000.0 
381441323,1000.0 
381441805,0.4896609982737724 
381949410,1000.0 
382435992,1000.0 
382543452,0.7611326786937657 
382624902,0.8762405520867566 
382643945,1000.0 
382646817,1000.0 
382700651,1000.0 
382701193,1000.0 
382720578,1000.0 
382794993,0.6161667513980681 
382951562,1000.0 
383894833,0.4927193436321975 
385997634,1000.0 
38680132,0.2854756857454872 
386816877,1000.0 
386869169,0.9405291005291004 
386943436,1000.0 
386944962,1000.0 
38740321,1000.0 
387426198,1000.0 
388128331,0.8550538737814264 
388237166,1000.0 
388240837,1000.0 
38905773,0.3151251565934715 
389955369,1000.0 
39039921,1000.0 
390601640,1000.0 
39091208,1000.0 
391995932,1.5229609321453048 
392038114,1000.0 
392102549,1000.0 
392322718,1.740015661707126 
392325093,1000.0 
392328254,0.7616979946294921 
392556209,1000.0 
3926262,1000.0 
393490554,0.42213919321132287 
394356010,1000.0 
395130640,0.41295998017593855 
396138247,1.302461899179367 
396539808,1000.0 
396539814,1000.0 
397231463,1.5890345649582835 
399151944,1000.0 
401820403,0.8969321851453176 
401820823,0.6998425196850393 
402546736,1000.0 
402648095,0.8837918462048393 
404768019,0.7225233037069152 
405040121,0.8287952256620665 
405077613,1000.0 
4061225,1000.0 
406776177,1000.0 
407825808,1.529776247848537 
40809505,1.632023503488799 
409753154,1000.0 
410103620,1000.0 
41057110,1000.0 
410857373,1.5389587902574167 
413145172,1.3364073777064958 
413693728,1000.0 
413693742,1000.0 
414077635,1000.0 
414519239,1000.0 
418278072,1000.0 
418282828,1.3907782182349258 
418461487,1000.0 
418557923,1000.0 
419175506,1000.0 
42024746,1000.0 
42045978,1000.0 
420925200,1000.0 
424780978,1000.0 
426285456,0.7826240093924274 
426453339,1000.0 
429383724,1000.0 
42974961,1000.0 
430917753,1000.0 
43096061,1000.0 
44207349,1000.0 
442549473,1000.0 
442571495,0.39976011994003 
442577704,1.0407494145199063 
442583304,1.0917130691123484 
442584059,1000.0 
442586321,1000.0 
442586515,1000.0 
442611273,0.9008716805189539 
442611764,1000.0 
442613663,1000.0 
442615457,1000.0 
442623945,1000.0 
442675854,1000.0 
442679925,1000.0 
442689368,1000.0 
442692020,1.374008038750902 
442789578,1000.0 
442813719,1000.0 
442828160,1000.0 
442831713,1000.0 
442866840,0.613953488372093 
44476593,1000.0 
446788152,1000.0 
446885705,1000.0 
446952463,1.0220791168353265 
446973978,1000.0 
447235456,1000.0 
447993848,0.9554249677511826 
448165364,1000.0 
448186109,1000.0 
448253468,1000.0 
448291130,1000.0 
448445953,0.4277738561252647 
448852739,1.1701922232950057 
451537755,1000.0 
452448437,1000.0 
452468734,1000.0 
452522877,1000.0 
452591471,1.4098984771573604 
452591868,1000.0 
452604601,1.541271676300578 
453095065,0.31310474401127286 
453416841,1000.0 
453515748,0.952762095333381 
453684455,1000.0 
453766186,1000.0 
453808153,0.7935241949883935 
454335224,1.0396942993059346 
454541357,1.1891891891891893 
454638159,1000.0 
454715223,1.4941163285890393 
454757744,1.933575054387237 
454816904,1000.0 
454961345,1000.0 
454961439,1000.0 
454980196,1.6372344344836058 
455000299,1000.0 
456421307,1000.0 
456423684,1000.0 
45754227,1000.0 
457957224,1000.0 
457995946,1000.0 
457996506,1000.0 
458058639,1000.0 
458060904,1000.0 
458097807,1000.0 
458177065,0.5068430656934306 
458181375,1.6801512287334595 
458208929,0.34548705589675816 
462044648,1.6530688158710478 
462073687,1000.0 
462077825,0.4714285714285715 
462146751,1000.0 
462146834,1000.0 
463058450,1000.0 
463229791,0.5902771628442398 
463457697,1000.0 
463457720,1000.0 
463766043,1000.0 
463780382,1000.0 
463780569,1000.0 
464049381,1000.0 
466484360,1000.0 
46888744,1000.0 
46974135,1000.0 
55651278,1000.0 
55745232,1000.0 
58406077,1.4315472994738536 
58413338,0.2889341597676737 
58488208,1000.0 
58582428,1000.0 
58583881,1000.0 
58593044,1000.0 
58646587,1000.0 
58749494,1000.0 
58751944,1000.0 
58752825,1000.0 
58753072,1000.0 
58753883,1000.0 
58832313,1.632023503488799 
58833495,1.0251441753171857 
58907762,1000.0 
59015682,1000.0 
59017926,1000.0 
59093872,1000.0 
59095516,1000.0 
59183599,1000.0 
59232730,1000.0 
59327002,1000.0 
59336140,1000.0 
59403154,1.908388204981391 
59500324,1.346938775510204 
59504074,1000.0 
66680534,1.0241204486096174 
66922964,1.1240198971418935 
67170726,1000.0 
67237467,1000.0 
67271271,0.8066311713455954 
67670494,0.15764455480666903 
67822383,1.06784140969163 
67897871,0.2595390126148575 
67978974,0.5689897998378217 
68053872,1000.0 
68164488,0.8586333483609196 
68254636,1000.0 
68255276,1000.0 
68255976,1.3721696171263895 
68256177,0.6024129049749221 
68256179,0.6024129049749221 
68328624,1000.0 
68405083,1000.0 
68416596,1000.0 
68431895,0.9336788290496534 
68499562,0.7790568573599017 
68564307,1000.0 
68565222,1000.0 
68567425,1000.0 
69094113,1000.0 
69178294,1000.0 
69283667,1.1106297900699766 
69285076,0.8938053097345132 
69384248,1000.0 
69420071,1000.0 
69609942,1.8465373961218834 
69723262,1000.0 
69876021,1.959435626102293 
69883377,1000.0 
69963577,1000.0 
70041394,1000.0 
77541886,1000.0 
77681664,0.9294478527607363 
78357288,1000.0 
78872931,1000.0 
78981730,1000.0 
79358659,1.4769026254569624 
81559041,1000.0 
83365367,1000.0 
83687552,0.4011675142177955 
8373961,1000.0 
84085575,1000.0 
8420443,0.5895984433044401 
84403234,1000.0 
84752981,0.7533054582438694 
84753635,1000.0 
84756271,1000.0 
84756974,0.2803254904434492 
8511113,0.9362359550561796 
85133085,0.8015873015873016 
9243001,1000.0 
93218465,0.5578476086865559 
93220501,1000.0 
93456758,1000.0 
93457683,1.350486223662885 
93610654,0.5621284310831892 
93700013,1.1415360904187002 
93704259,1000.0 
93778206,1000.0 
93779101,1000.0 
93869857,1000.0 
93929282,1.779260643267049 
93932740,1000.0 
93985722,1.963186570460904 
94071239,0.5083504918782887 
94075828,1000.0 
94491270,1000.0 
94681643,1000.0 
94683443,0.4852587901288491 
94731904,1000.0 
94833141,1000.0 
94834179,1000.0 
94928385,1000.0 
94933725,1000.0 
95000725,1000.0 
95106140,1000.0 
95282711,1000.0 
95468062,1000.0 
95556638,1000.0 
95793653,1000.0 
95856072,1000.0 
95977956,1000.0 
96059446,1000.0 
96152143,1000.0 
96351492,1000.0 
96542126,1000.0 
96630287,1000.0 
96631952,1000.0 
97014510,1.3703361085414738 
97769815,1.5162060730126237 
97882429,0.7679723502304148 
97903198,1000.0 
98174550,1000.0 
98305034,1.145360824742268 
98306472,1000.0 
98327111,1000.0 
98761335,1.4315472994738536 
98764168,1000.0 
98900141,0.849388379204893 
98900472,1.131460578799966 
98909539,1.6191401505950935 
98914134,1.7549032512834013 
98921462,1000.0 
99039742,0.919448275862069 
99039745,0.919448275862069 
99039842,1000.0 
99041233,1.908388204981391 
99049176,1000.0 
99203527,1000.0 
99205053,1000.0 
99210610,1000.0 
99211241,0.3278172563869286 
99211574,1000.0 
99213136,1000.0 
99285266,1000.0 
99296429,1000.0 
99324893,1.2654959658281917 
99918378,1000.0 
112464324,0.41412729475351784 
112472211,0.47913746630727755 
113272022,1000.0 
113500710,0.6176511466296039 
113910177,1000.0 
118053599,1000.0 
118278380,1.0813529077784085 
118395344,1000.0 
118409165,0.3166821064633364 
118807628,1.6268456375838924 
120334442,1000.0 
120334451,1000.0 
128843747,1000.0 
140510862,1000.0 
140891597,0.23557267554864475 
141212720,1.520702634880803 
141807839,0.8472831267874166 
141914082,1000.0 
141975926,1.1556865464632455 
142052608,1000.0 
142052876,0.5608986495014515 
149347480,1.8838490885968633 
149542119,1000.0 
149935360,1000.0 
150249155,1.0836381370397465 
150322340,1000.0 
150359500,1.0334082629253547 
158232148,1000.0 
158237409,1000.0 
160800444,1000.0 
1636399,1000.0 
167119957,1000.0 
167123841,0.2704204782864445 
167439141,1000.0 
167551757,1.9155172413793102 
167808464,1000.0 
167815117,0.46820017559262506 
169385570,1.6191401505950935 
176873028,1000.0 
176980970,0.6113913601760983 
177115978,1000.0 
177313167,0.2995685781053388 
179040880,1000.0 
179234597,0.4967768379476097 
179315999,0.6143212607132983 
182903001,1000.0 
193831684,1.2942432773517134 
194493084,1000.0 
197005132,0.7445548977996203 
201751726,0.5734440190975956 
219290316,0.5160241523455643 
219953459,1000.0 
219974785,1000.0 
220405105,1000.0 
220425740,0.5612055901666947 
220433363,0.4277738561252647 
220433364,0.4277738561252647 
220473309,1000.0 
2213642,0.3435197114145839 
23211639,0.8458854133620963 
238194430,0.7003204286389663 
238196350,1000.0 
238876720,0.6348571428571429 
25118964,1.018020769700672 
253611568,0.5995952327411739 
253683473,1000.0 
254045302,1000.0 
254051226,1000.0 
254068584,1000.0 
254085343,1000.0 
254091134,1000.0 
254108118,1000.0 
254131256,0.2849204992306377 
254165030,1000.0 
256097445,1000.0 
256097450,1000.0 
256239953,0.613953488372093 
256301736,0.27766901320448206 
260127241,0.2542625014303696 
260304085,1000.0 
260351540,1000.0 
261236136,1.8565659378916586 
261283885,0.38840495265841224 
261335869,0.5503632760898283 
261560580,0.8287952256620665 
265179710,1.3666837519220911 
265332355,1.1010901883052526 
266997586,1000.0 
268813663,1000.0 
269451622,0.7796491228070176 
269797536,0.8072661217075385 
271639931,0.3779554345977207 
272550631,1000.0 
273416539,1.6477567667779012 
273789976,1000.0 
276947628,1000.0 
276967501,1.9556989878245563 
277016043,1000.0 
277911470,0.28958686302619574 
278024057,1000.0 
278327818,1000.0 
278409390,1.8366166138586582 
278731274,0.4984670604950272 
278825715,1000.0 
278899969,1000.0 
278991483,1000.0 
279516277,1000.0 
280865190,0.6236609440052392 
281631603,1000.0 
287405060,1000.0 
288059360,1000.0 
290330634,1000.0 
290408720,0.26565706884527246 
293273183,1000.0 
293507177,0.5696218756675924 
293528475,1000.0 
293798090,0.7594417544859015 
294098955,1.513967749261867 
294159534,0.8169117647058823 
294754396,1000.0 
295317497,1000.0 
302965929,1000.0 
30418458,1000.0 
304988616,1000.0 
306779230,1.3294774631033106 
306980405,1000.0 
30760081,1000.0 
317016534,0.6670669468628039 
317325489,1000.0 
317350326,1000.0 
319739812,0.8868489323488326 
32068898,0.6798918863787037 
322950055,1.3175214942187963 
323172801,1000.0 
323246065,0.13305920396023793 
323246150,1000.0 
323292484,1.8399116754071212 
323292655,0.834867555889536 
323350241,1000.0 
323350447,1.9445740956826134 
323354786,1.2546583850931676 
323354855,1000.0 
325178532,1000.0 
326698247,1000.0 
332178035,1000.0 
337438474,1.5229609321453048 
337757672,0.4920101856294055 
33864387,1000.0 
33881250,1.1415360904187002 
339397736,1.2670594943927012 
339633702,1000.0 
339770560,1.0975549518399605 
340459410,1000.0 
343403758,1000.0 
343648067,1.0824943163364729 
343649594,1000.0 
343995839,1000.0 
344552743,0.34294533762057877 
346704136,1.9821587867975021 
348839788,0.2722872373016359 
348844681,1000.0 
349055504,1.114249895528625 
349195685,0.24088461677447331 
350146388,1000.0 
350481741,1000.0 
350563576,1000.0 
350712873,0.12211139504849834 
351471988,1000.0 
351919907,1000.0 
360689728,1000.0 
360689837,1.541271676300578 
360912453,0.880755764021933 
363404040,1000.0 
363782768,1.6424787483060244 
363782810,1.6424787483060244 
365997088,1000.0 
369862028,1.12525320729237 
369897885,1.4416089965397925 
370236914,1000.0 
372106647,1.1715289982425308 
373432787,0.8666146645865834 
375034557,1.688449848024316 
375058105,1000.0 
376667947,0.473824501546007 
379470817,1000.0 
381897917,1000.0 
381920488,1000.0 
381949410,1000.0 
382043650,1000.0 
382246151,1000.0 
382258517,1000.0 
382435992,1000.0 
38680132,0.2854756857454872 
387063402,1000.0 
388240837,1000.0 
38905773,0.3151251565934715 
390901985,1000.0 
391361741,0.9763456609300621 
391745863,0.8254597238561081 
394210384,1000.0 
394355443,0.7144694533762058 
394356010,1000.0 
395052612,0.29593784683684793 
396211270,1000.0 
396969225,0.830809497102262 
397231463,1.593974175035868 
404768019,0.7225233037069152 
405077613,1000.0 
405283107,0.6372239747634069 
405283117,0.6372239747634069 
406095880,0.47207960058071596 
406173242,0.23023123283886232 
406776177,1000.0 
407825808,1.532061595035624 
410348379,1.6140435835351088 
410464477,1000.0 
41168549,1000.0 
411956826,0.8651524983776769 
419610508,1000.0 
419610509,1000.0 
424881692,1000.0 
431380163,1000.0 
431591891,1000.0 
451537755,1000.0 
453095065,0.31310474401127286 
464410508,1000.0 
464415840,0.8945849828893512 
466265409,0.17428134436644574 
468216076,0.8486854669297854 
469811127,0.8321577928968229 
469882306,1000.0 
49541462,0.44756277695716395 
50232454,1000.0 
55651278,1000.0 
55745232,1000.0 
60068392,1000.0 
60436937,1000.0 
61383924,0.40085390420638023 
62118520,1000.0 
62124646,1000.0 
86140963,1000.0 
87711005,0.5855586788475052 
90720183,1000.0 
90723908,1000.0 
91853144,0.5043504577438148 
91853165,0.5043504577438148 
98423184,1000.0 
1028816,0.8600735436423457 
1034432,1000.0 
11288330,1000.0 
11458116,0.9924073246985261 
114913077,0.6121212121212121 
114957519,1000.0 
117613298,1000.0 
120428359,1000.0 
120958609,0.2623944576748214 
121007190,1000.0 
121078227,1000.0 
123254982,1000.0 
12546422,1000.0 
137860799,1000.0 
139187460,1000.0 
139539729,1000.0 
140122230,1000.0 
144161777,1000.0 
146595322,0.32604548789435067 
152439649,0.9072473630486559 
152472413,0.4452310980496927 
156215773,1000.0 
159897969,1000.0 
165219666,1000.0 
166741952,1000.0 
167701598,1000.0 
168674727,1000.0 
168696027,1000.0 
169396430,0.9671381936887921 
169451121,1.7109856262833674 
169529956,0.7174685179205682 
169530854,1000.0 
169535107,1000.0 
169551936,0.9924073246985261 
170786634,0.6297888421748784 
172078875,1000.0 
175491080,1000.0 
176764482,1.1191135734072022 
176780031,1000.0 
178288501,1000.0 
180551039,0.6871810731405598 
183530436,0.13803814375349444 
188627184,1.4375673927108046 
188968885,1000.0 
192787395,1000.0 
204613238,1.5072922555115884 
204613241,1000.0 
21539203,1000.0 
224280541,1000.0 
228382006,1000.0 
229071346,1000.0 
229076671,1000.0 
23193695,1000.0 
237386249,1000.0 
242960598,1000.0 
242991317,1.9821587867975021 
243014958,1000.0 
24399433,1000.0 
244246175,1.300809835105864 
24459844,1000.0 
245823555,1000.0 
246896530,1000.0 
248380120,0.9671381936887921 
248384545,1000.0 
248430208,1000.0 
248655215,1.9445740956826134 
250133028,1000.0 
250383070,1.2958786936236393 
251088243,1000.0 
257434109,1.2470302123281263 
257605131,1000.0 
262501316,1000.0 
269724428,1000.0 
270417193,1000.0 
270432631,1000.0 
270465599,0.6984126984126984 
270477247,1000.0 
270477734,1000.0 
279049555,0.6063307258504639 
279068672,1.2942432773517134 
279072859,1000.0 
279454825,0.2231185045102338 
279536777,0.9819547764601899 
28077586,1000.0 
283677584,1.8300617707618394 
283750761,0.5348631950573698 
299099849,1000.0 
29923458,1000.0 
301378203,0.6176511466296039 
301424888,1000.0 
301621458,1000.0 
302413455,1.0129929336676544 
30996597,0.6113913601760983 
311085703,1.4375673927108046 
311091467,1000.0 
31176229,1000.0 
313935081,1000.0 
316916654,0.7450958475381434 
316916655,1000.0 
316920092,1000.0 
321068946,1000.0 
32573380,1000.0 
326242263,1000.0 
332825272,1000.0 
332862003,1000.0 
332864335,1000.0 
33594839,1000.0 
34038104,1000.0 
34038105,1000.0 
34086013,1000.0 
34106106,1000.0 
347021616,1000.0 
365003235,1000.0 
365743650,1000.0 
36818861,0.6150581288060528 
372785100,1000.0 
372786075,1000.0 
37860207,0.4237088828857461 
37903855,0.2579072601706227 
37948770,1000.0 
38049612,1000.0 
38128381,1000.0 
382306185,1.2409941357162804 
382326499,1000.0 
38613715,1000.0 
387514723,1000.0 
389752643,1000.0 
389855767,1000.0 
398571094,1000.0 
398794790,1.6217005230507235 
399570739,0.9439920696735821 
402044435,1000.0 
406354252,1.7024645639126548 
408013666,0.4766876430205949 
416799709,1000.0 
41858253,0.7966061185468452 
419010038,0.9754170324846356 
419052135,1000.0 
420000810,0.8195229899188591 
423831323,1000.0 
425210920,1000.0 
434367334,1000.0 
43721332,1000.0 
438223630,1000.0 
439397894,0.6941580756013745 
439900489,1000.0 
441515106,1000.0 
442926107,1.5184510250569476 
44647574,1000.0 
44791283,1000.0 
450055680,1000.0 
454117434,1000.0 
454142607,1000.0 
457202479,1000.0 
46436893,1000.0 
46639115,1000.0 
4699111,1000.0 
47296054,1.1947307106371539 
4741056,1000.0 
50587245,0.16969604398961358 
55440625,1000.0 
55441155,0.9501140250855188 
55441489,1000.0 
55873752,1000.0 
56127663,1.7639587192378934 
5716512,1000.0 
59888379,1000.0 
60036242,0.6542991755005889 
65346691,1000.0 
66494696,0.4400726192440996 
67643537,1000.0 
67747622,1000.0 
69925647,1000.0 
71091056,1000.0 
711946,1000.0 
7242783,1000.0 
7264756,1000.0 
7322870,1000.0 
77288649,1000.0 
77861050,0.6547168884741934 
80363380,1000.0 
80430430,1000.0 
80453023,1000.0 
89114587,1000.0 
89545031,1000.0 
89547212,0.1467490010897203 
9148352,0.5624367195410057 
91638790,1000.0 
9342406,0.9819547764601899 
94945153,1000.0 
9804172,1000.0 
9805084,0.8754925137903861 
9846734,1000.0 
9902088,1000.0 
9967295,1000.0 
103580569,1000.0 
103617858,0.9598963208294333 
103631501,0.9294478527607363 
10988057,1000.0 
11713886,1000.0 
142781910,1000.0 
142963210,1000.0 
148910632,1000.0 
153977353,1000.0 
159144010,1000.0 
159613900,1000.0 
160600404,1000.0 
161190740,1000.0 
219790149,1.849868183710282 
219790151,1.8532110091743117 
219855010,1.669212470264179 
224693781,1000.0 
229455419,1000.0 
229687225,1000.0 
230062604,1000.0 
230134468,1000.0 
232970271,0.5106285189015282 
233738219,1.3192163071442706 
257048637,0.7633989922125516 
28569621,0.7129793037060805 
288344202,1.3057786483839373 
356539820,0.9413924586922751 
377444019,1000.0 
41492158,1000.0 
59025325,0.356413409613431 
102076870,1000.0 
102171925,1000.0 
102302709,1000.0 
103777040,0.47338706813904774 
103781571,1000.0 
103861420,1000.0 
107147988,1000.0 
120298397,1000.0 
120772404,1000.0 
122093026,1000.0 
124102183,1000.0 
124286087,1000.0 
124338495,1000.0 
124425626,1000.0 
124454212,1000.0 
124570753,1000.0 
130722957,1.242497670083877 
464060149,1000.0 
469171560,1000.0 
